[{
	"id": 1,
	"code": "AF",
	"name": "Afghanistan",
	"country_code": 93
}, {
	"id": 2,
	"code": "AL",
	"name": "Albania",
	"country_code": 355
}, {
	"id": 3,
	"code": "DZ",
	"name": "Algeria",
	"country_code": 213
}, {
	"id": 4,
	"code": "AS",
	"name": "American Samoa",
	"country_code": 1684
}, {
	"id": 5,
	"code": "AD",
	"name": "Andorra",
	"country_code": 376
}, {
	"id": 6,
	"code": "AO",
	"name": "Angola",
	"country_code": 244
}, {
	"id": 7,
	"code": "AI",
	"name": "Anguilla",
	"country_code": 1264
}, {
	"id": 8,
	"code": "AQ",
	"name": "Antarctica",
	"country_code": null
}, {
	"id": 9,
	"code": "AG",
	"name": "Antigua and Barbuda",
	"country_code": 1268
}, {
	"id": 10,
	"code": "AR",
	"name": "Argentina",
	"country_code": 54
}, {
	"id": 11,
	"code": "AM",
	"name": "Armenia",
	"country_code": 374
}, {
	"id": 12,
	"code": "AW",
	"name": "Aruba",
	"country_code": 297
}, {
	"id": 13,
	"code": "AU",
	"name": "Australia",
	"country_code": 61
}, {
	"id": 14,
	"code": "AT",
	"name": "Austria",
	"country_code": 43
}, {
	"id": 15,
	"code": "AZ",
	"name": "Azerbaijan",
	"country_code": 994
}, {
	"id": 16,
	"code": "BS",
	"name": "Bahamas",
	"country_code": 1242
}, {
	"id": 17,
	"code": "BH",
	"name": "Bahrain",
	"country_code": 973
}, {
	"id": 18,
	"code": "BD",
	"name": "Bangladesh",
	"country_code": 880
}, {
	"id": 19,
	"code": "BB",
	"name": "Barbados",
	"country_code": 1246
}, {
	"id": 20,
	"code": "BY",
	"name": "Belarus",
	"country_code": 375
}, {
	"id": 21,
	"code": "BE",
	"name": "Belgium",
	"country_code": 32
}, {
	"id": 22,
	"code": "BZ",
	"name": "Belize",
	"country_code": 501
}, {
	"id": 23,
	"code": "BJ",
	"name": "Benin",
	"country_code": 229
}, {
	"id": 24,
	"code": "BM",
	"name": "Bermuda",
	"country_code": 1441
}, {
	"id": 25,
	"code": "BT",
	"name": "Bhutan",
	"country_code": 975
}, {
	"id": 26,
	"code": "BO",
	"name": "Bolivia",
	"country_code": 591
}, {
	"id": 27,
	"code": "BA",
	"name": "Bosnia and Herzegovina",
	"country_code": 387
}, {
	"id": 28,
	"code": "BW",
	"name": "Botswana",
	"country_code": 267
}, {
	"id": 29,
	"code": "BV",
	"name": "Bouvet Island",
	"country_code": null
}, {
	"id": 30,
	"code": "BR",
	"name": "Brazil",
	"country_code": 55
}, {
	"id": 31,
	"code": "IO",
	"name": "British Indian Ocean Territory",
	"country_code": 246
}, {
	"id": 32,
	"code": "VG",
	"name": "British Virgin Islands",
	"country_code": 1284
}, {
	"id": 33,
	"code": "BN",
	"name": "Brunei",
	"country_code": 673
}, {
	"id": 34,
	"code": "BG",
	"name": "Bulgaria",
	"country_code": 359
}, {
	"id": 35,
	"code": "BF",
	"name": "Burkina Faso",
	"country_code": 226
}, {
	"id": 36,
	"code": "BI",
	"name": "Burundi",
	"country_code": 257
}, {
	"id": 37,
	"code": "KH",
	"name": "Cambodia",
	"country_code": 855
}, {
	"id": 38,
	"code": "CM",
	"name": "Cameroon",
	"country_code": 237
}, {
	"id": 39,
	"code": "CA",
	"name": "Canada",
	"country_code": 1
}, {
	"id": 40,
	"code": "CV",
	"name": "Cape Verde",
	"country_code": 238
}, {
	"id": 41,
	"code": "KY",
	"name": "Cayman Islands",
	"country_code": 1345
}, {
	"id": 42,
	"code": "CF",
	"name": "Central African Republic",
	"country_code": 236
}, {
	"id": 43,
	"code": "TD",
	"name": "Chad",
	"country_code": 235
}, {
	"id": 44,
	"code": "CL",
	"name": "Chile",
	"country_code": 56
}, {
	"id": 45,
	"code": "CN",
	"name": "China",
	"country_code": 86
}, {
	"id": 46,
	"code": "CX",
	"name": "Christmas Island",
	"country_code": 61
}, {
	"id": 47,
	"code": "CC",
	"name": "Cocos (Keeling) Islands",
	"country_code": 61
}, {
	"id": 48,
	"code": "CO",
	"name": "Colombia",
	"country_code": 57
}, {
	"id": 49,
	"code": "KM",
	"name": "Comoros",
	"country_code": 269
}, {
	"id": 50,
	"code": "CK",
	"name": "Cook Islands",
	"country_code": 682
}, {
	"id": 51,
	"code": "CR",
	"name": "Costa Rica",
	"country_code": 506
}, {
	"id": 52,
	"code": "HR",
	"name": "Croatia",
	"country_code": 385
}, {
	"id": 53,
	"code": "CU",
	"name": "Cuba",
	"country_code": 53
}, {
	"id": 54,
	"code": "CW",
	"name": "Curaçao",
	"country_code": 5999
}, {
	"id": 55,
	"code": "CY",
	"name": "Cyprus",
	"country_code": 357
}, {
	"id": 56,
	"code": "CZ",
	"name": "Czechia",
	"country_code": 420
}, {
	"id": 57,
	"code": "CD",
	"name": "DR Congo",
	"country_code": 243
}, {
	"id": 58,
	"code": "DK",
	"name": "Denmark",
	"country_code": 45
}, {
	"id": 59,
	"code": "DJ",
	"name": "Djibouti",
	"country_code": 253
}, {
	"id": 60,
	"code": "DM",
	"name": "Dominica",
	"country_code": 1767
}, {
	"id": 61,
	"code": "DO",
	"name": "Dominican Republic",
	"country_code": 1809
}, {
	"id": 62,
	"code": "EC",
	"name": "Ecuador",
	"country_code": 593
}, {
	"id": 63,
	"code": "EG",
	"name": "Egypt",
	"country_code": 20
}, {
	"id": 64,
	"code": "SV",
	"name": "El Salvador",
	"country_code": 503
}, {
	"id": 65,
	"code": "GQ",
	"name": "Equatorial Guinea",
	"country_code": 240
}, {
	"id": 66,
	"code": "ER",
	"name": "Eritrea",
	"country_code": 291
}, {
	"id": 67,
	"code": "EE",
	"name": "Estonia",
	"country_code": 372
}, {
	"id": 68,
	"code": "ET",
	"name": "Ethiopia",
	"country_code": 251
}, {
	"id": 69,
	"code": "FK",
	"name": "Falkland Islands",
	"country_code": 500
}, {
	"id": 70,
	"code": "FO",
	"name": "Faroe Islands",
	"country_code": 298
}, {
	"id": 71,
	"code": "FJ",
	"name": "Fiji",
	"country_code": 679
}, {
	"id": 72,
	"code": "FI",
	"name": "Finland",
	"country_code": 358
}, {
	"id": 73,
	"code": "FR",
	"name": "France",
	"country_code": 33
}, {
	"id": 74,
	"code": "GF",
	"name": "French Guiana",
	"country_code": 594
}, {
	"id": 75,
	"code": "PF",
	"name": "French Polynesia",
	"country_code": 689
}, {
	"id": 76,
	"code": "TF",
	"name": "French Southern and Antarctic Lands",
	"country_code": null
}, {
	"id": 77,
	"code": "GA",
	"name": "Gabon",
	"country_code": 241
}, {
	"id": 78,
	"code": "GM",
	"name": "Gambia",
	"country_code": 220
}, {
	"id": 79,
	"code": "GE",
	"name": "Georgia",
	"country_code": 995
}, {
	"id": 80,
	"code": "DE",
	"name": "Germany",
	"country_code": 49
}, {
	"id": 81,
	"code": "GH",
	"name": "Ghana",
	"country_code": 233
}, {
	"id": 82,
	"code": "GI",
	"name": "Gibraltar",
	"country_code": 350
}, {
	"id": 83,
	"code": "GR",
	"name": "Greece",
	"country_code": 30
}, {
	"id": 84,
	"code": "GL",
	"name": "Greenland",
	"country_code": 299
}, {
	"id": 85,
	"code": "GD",
	"name": "Grenada",
	"country_code": 1473
}, {
	"id": 86,
	"code": "GP",
	"name": "Guadeloupe",
	"country_code": 590
}, {
	"id": 87,
	"code": "GU",
	"name": "Guam",
	"country_code": 1671
}, {
	"id": 88,
	"code": "GT",
	"name": "Guatemala",
	"country_code": 502
}, {
	"id": 89,
	"code": "GG",
	"name": "Guernsey",
	"country_code": 44
}, {
	"id": 90,
	"code": "GN",
	"name": "Guinea",
	"country_code": 224
}, {
	"id": 91,
	"code": "GW",
	"name": "Guinea-Bissau",
	"country_code": 245
}, {
	"id": 92,
	"code": "GY",
	"name": "Guyana",
	"country_code": 592
}, {
	"id": 93,
	"code": "HT",
	"name": "Haiti",
	"country_code": 509
}, {
	"id": 94,
	"code": "HM",
	"name": "Heard Island and McDonald Islands",
	"country_code": null
}, {
	"id": 95,
	"code": "HN",
	"name": "Honduras",
	"country_code": 504
}, {
	"id": 96,
	"code": "HK",
	"name": "Hong Kong",
	"country_code": 852
}, {
	"id": 97,
	"code": "HU",
	"name": "Hungary",
	"country_code": 36
}, {
	"id": 98,
	"code": "IS",
	"name": "Iceland",
	"country_code": 354
}, {
	"id": 99,
	"code": "IN",
	"name": "India",
	"country_code": 91
}, {
	"id": 100,
	"code": "ID",
	"name": "Indonesia",
	"country_code": 62
}, {
	"id": 101,
	"code": "IR",
	"name": "Iran",
	"country_code": 98
}, {
	"id": 102,
	"code": "IQ",
	"name": "Iraq",
	"country_code": 964
}, {
	"id": 103,
	"code": "IE",
	"name": "Ireland",
	"country_code": 353
}, {
	"id": 104,
	"code": "IM",
	"name": "Isle of Man",
	"country_code": 44
}, {
	"id": 105,
	"code": "IL",
	"name": "Israel",
	"country_code": 972
}, {
	"id": 106,
	"code": "IT",
	"name": "Italy",
	"country_code": 39
}, {
	"id": 107,
	"code": "CI",
	"name": "Ivory Coast",
	"country_code": 225
}, {
	"id": 108,
	"code": "JM",
	"name": "Jamaica",
	"country_code": 1876
}, {
	"id": 109,
	"code": "JP",
	"name": "Japan",
	"country_code": 81
}, {
	"id": 110,
	"code": "JE",
	"name": "Jersey",
	"country_code": 44
}, {
	"id": 111,
	"code": "JO",
	"name": "Jordan",
	"country_code": 962
}, {
	"id": 112,
	"code": "KZ",
	"name": "Kazakhstan",
	"country_code": 76
}, {
	"id": 113,
	"code": "KE",
	"name": "Kenya",
	"country_code": 254
}, {
	"id": 114,
	"code": "KI",
	"name": "Kiribati",
	"country_code": 686
}, {
	"id": 115,
	"code": "XK",
	"name": "Kosovo",
	"country_code": 383
}, {
	"id": 116,
	"code": "KW",
	"name": "Kuwait",
	"country_code": 965
}, {
	"id": 117,
	"code": "KG",
	"name": "Kyrgyzstan",
	"country_code": 996
}, {
	"id": 118,
	"code": "LA",
	"name": "Laos",
	"country_code": 856
}, {
	"id": 119,
	"code": "LV",
	"name": "Latvia",
	"country_code": 371
}, {
	"id": 120,
	"code": "LB",
	"name": "Lebanon",
	"country_code": 961
}, {
	"id": 121,
	"code": "LS",
	"name": "Lesotho",
	"country_code": 266
}, {
	"id": 122,
	"code": "LR",
	"name": "Liberia",
	"country_code": 231
}, {
	"id": 123,
	"code": "LY",
	"name": "Libya",
	"country_code": 218
}, {
	"id": 124,
	"code": "LI",
	"name": "Liechtenstein",
	"country_code": 423
}, {
	"id": 125,
	"code": "LT",
	"name": "Lithuania",
	"country_code": 370
}, {
	"id": 126,
	"code": "LU",
	"name": "Luxembourg",
	"country_code": 352
}, {
	"id": 127,
	"code": "MO",
	"name": "Macau",
	"country_code": 853
}, {
	"id": 128,
	"code": "MK",
	"name": "Macedonia",
	"country_code": 389
}, {
	"id": 129,
	"code": "MG",
	"name": "Madagascar",
	"country_code": 261
}, {
	"id": 130,
	"code": "MW",
	"name": "Malawi",
	"country_code": 265
}, {
	"id": 131,
	"code": "MY",
	"name": "Malaysia",
	"country_code": 60
}, {
	"id": 132,
	"code": "MV",
	"name": "Maldives",
	"country_code": 960
}, {
	"id": 133,
	"code": "ML",
	"name": "Mali",
	"country_code": 223
}, {
	"id": 134,
	"code": "MT",
	"name": "Malta",
	"country_code": 356
}, {
	"id": 135,
	"code": "MH",
	"name": "Marshall Islands",
	"country_code": 692
}, {
	"id": 136,
	"code": "MQ",
	"name": "Martinique",
	"country_code": 596
}, {
	"id": 137,
	"code": "MR",
	"name": "Mauritania",
	"country_code": 222
}, {
	"id": 138,
	"code": "MU",
	"name": "Mauritius",
	"country_code": 230
}, {
	"id": 139,
	"code": "YT",
	"name": "Mayotte",
	"country_code": 262
}, {
	"id": 140,
	"code": "MX",
	"name": "Mexico",
	"country_code": 52
}, {
	"id": 141,
	"code": "FM",
	"name": "Micronesia",
	"country_code": 691
}, {
	"id": 142,
	"code": "MD",
	"name": "Moldova",
	"country_code": 373
}, {
	"id": 143,
	"code": "MC",
	"name": "Monaco",
	"country_code": 377
}, {
	"id": 144,
	"code": "MN",
	"name": "Mongolia",
	"country_code": 976
}, {
	"id": 145,
	"code": "ME",
	"name": "Montenegro",
	"country_code": 382
}, {
	"id": 146,
	"code": "MS",
	"name": "Montserrat",
	"country_code": 1664
}, {
	"id": 147,
	"code": "MA",
	"name": "Morocco",
	"country_code": 212
}, {
	"id": 148,
	"code": "MZ",
	"name": "Mozambique",
	"country_code": 258
}, {
	"id": 149,
	"code": "MM",
	"name": "Myanmar",
	"country_code": 95
}, {
	"id": 150,
	"code": "NA",
	"name": "Namibia",
	"country_code": 264
}, {
	"id": 151,
	"code": "NR",
	"name": "Nauru",
	"country_code": 674
}, {
	"id": 152,
	"code": "NP",
	"name": "Nepal",
	"country_code": 977
}, {
	"id": 153,
	"code": "NL",
	"name": "Netherlands",
	"country_code": 31
}, {
	"id": 154,
	"code": "NC",
	"name": "New Caledonia",
	"country_code": 687
}, {
	"id": 155,
	"code": "NZ",
	"name": "New Zealand",
	"country_code": 64
}, {
	"id": 156,
	"code": "NI",
	"name": "Nicaragua",
	"country_code": 505
}, {
	"id": 157,
	"code": "NE",
	"name": "Niger",
	"country_code": 227
}, {
	"id": 158,
	"code": "NG",
	"name": "Nigeria",
	"country_code": 234
}, {
	"id": 159,
	"code": "NU",
	"name": "Niue",
	"country_code": 683
}, {
	"id": 160,
	"code": "NF",
	"name": "Norfolk Island",
	"country_code": 672
}, {
	"id": 161,
	"code": "KP",
	"name": "North Korea",
	"country_code": 850
}, {
	"id": 162,
	"code": "MP",
	"name": "Northern Mariana Islands",
	"country_code": 1670
}, {
	"id": 163,
	"code": "NO",
	"name": "Norway",
	"country_code": 47
}, {
	"id": 164,
	"code": "OM",
	"name": "Oman",
	"country_code": 968
}, {
	"id": 165,
	"code": "PK",
	"name": "Pakistan",
	"country_code": 92
}, {
	"id": 166,
	"code": "PW",
	"name": "Palau",
	"country_code": 680
}, {
	"id": 167,
	"code": "PS",
	"name": "Palestine",
	"country_code": 970
}, {
	"id": 168,
	"code": "PA",
	"name": "Panama",
	"country_code": 507
}, {
	"id": 169,
	"code": "PG",
	"name": "Papua New Guinea",
	"country_code": 675
}, {
	"id": 170,
	"code": "PY",
	"name": "Paraguay",
	"country_code": 595
}, {
	"id": 171,
	"code": "PE",
	"name": "Peru",
	"country_code": 51
}, {
	"id": 172,
	"code": "PH",
	"name": "Philippines",
	"country_code": 63
}, {
	"id": 173,
	"code": "PN",
	"name": "Pitcairn Islands",
	"country_code": 64
}, {
	"id": 174,
	"code": "PL",
	"name": "Poland",
	"country_code": 48
}, {
	"id": 175,
	"code": "PT",
	"name": "Portugal",
	"country_code": 351
}, {
	"id": 176,
	"code": "PR",
	"name": "Puerto Rico",
	"country_code": 1787
}, {
	"id": 177,
	"code": "QA",
	"name": "Qatar",
	"country_code": 974
}, {
	"id": 178,
	"code": "CG",
	"name": "Republic of the Congo",
	"country_code": 242
}, {
	"id": 179,
	"code": "RO",
	"name": "Romania",
	"country_code": 40
}, {
	"id": 180,
	"code": "RU",
	"name": "Russia",
	"country_code": 7
}, {
	"id": 181,
	"code": "RW",
	"name": "Rwanda",
	"country_code": 250
}, {
	"id": 182,
	"code": "RE",
	"name": "Réunion",
	"country_code": 262
}, {
	"id": 183,
	"code": "BL",
	"name": "Saint Barthélemy",
	"country_code": 590
}, {
	"id": 184,
	"code": "KN",
	"name": "Saint Kitts and Nevis",
	"country_code": 1869
}, {
	"id": 185,
	"code": "LC",
	"name": "Saint Lucia",
	"country_code": 1758
}, {
	"id": 186,
	"code": "MF",
	"name": "Saint Martin",
	"country_code": 590
}, {
	"id": 187,
	"code": "PM",
	"name": "Saint Pierre and Miquelon",
	"country_code": 508
}, {
	"id": 188,
	"code": "VC",
	"name": "Saint Vincent and the Grenadines",
	"country_code": 1784
}, {
	"id": 189,
	"code": "WS",
	"name": "Samoa",
	"country_code": 685
}, {
	"id": 190,
	"code": "SM",
	"name": "San Marino",
	"country_code": 378
}, {
	"id": 191,
	"code": "SA",
	"name": "Saudi Arabia",
	"country_code": 966
}, {
	"id": 192,
	"code": "SN",
	"name": "Senegal",
	"country_code": 221
}, {
	"id": 193,
	"code": "RS",
	"name": "Serbia",
	"country_code": 381
}, {
	"id": 194,
	"code": "SC",
	"name": "Seychelles",
	"country_code": 248
}, {
	"id": 195,
	"code": "SL",
	"name": "Sierra Leone",
	"country_code": 232
}, {
	"id": 196,
	"code": "SG",
	"name": "Singapore",
	"country_code": 65
}, {
	"id": 197,
	"code": "SX",
	"name": "Sint Maarten",
	"country_code": 1721
}, {
	"id": 198,
	"code": "SK",
	"name": "Slovakia",
	"country_code": 421
}, {
	"id": 199,
	"code": "SI",
	"name": "Slovenia",
	"country_code": 386
}, {
	"id": 200,
	"code": "SB",
	"name": "Solomon Islands",
	"country_code": 677
}, {
	"id": 201,
	"code": "SO",
	"name": "Somalia",
	"country_code": 252
}, {
	"id": 202,
	"code": "ZA",
	"name": "South Africa",
	"country_code": 27
}, {
	"id": 203,
	"code": "GS",
	"name": "South Georgia",
	"country_code": 500
}, {
	"id": 204,
	"code": "KR",
	"name": "South Korea",
	"country_code": 82
}, {
	"id": 205,
	"code": "SS",
	"name": "South Sudan",
	"country_code": 211
}, {
	"id": 206,
	"code": "ES",
	"name": "Spain",
	"country_code": 34
}, {
	"id": 207,
	"code": "LK",
	"name": "Sri Lanka",
	"country_code": 94
}, {
	"id": 208,
	"code": "SD",
	"name": "Sudan",
	"country_code": 249
}, {
	"id": 209,
	"code": "SR",
	"name": "Suriname",
	"country_code": 597
}, {
	"id": 210,
	"code": "SJ",
	"name": "Svalbard and Jan Mayen",
	"country_code": 4779
}, {
	"id": 211,
	"code": "SZ",
	"name": "Swaziland",
	"country_code": 268
}, {
	"id": 212,
	"code": "SE",
	"name": "Sweden",
	"country_code": 46
}, {
	"id": 213,
	"code": "CH",
	"name": "Switzerland",
	"country_code": 41
}, {
	"id": 214,
	"code": "SY",
	"name": "Syria",
	"country_code": 963
}, {
	"id": 215,
	"code": "ST",
	"name": "São Tomé and Príncipe",
	"country_code": 239
}, {
	"id": 216,
	"code": "TW",
	"name": "Taiwan",
	"country_code": 886
}, {
	"id": 217,
	"code": "TJ",
	"name": "Tajikistan",
	"country_code": 992
}, {
	"id": 218,
	"code": "TZ",
	"name": "Tanzania",
	"country_code": 255
}, {
	"id": 219,
	"code": "TH",
	"name": "Thailand",
	"country_code": 66
}, {
	"id": 220,
	"code": "TL",
	"name": "Timor-Leste",
	"country_code": 670
}, {
	"id": 221,
	"code": "TG",
	"name": "Togo",
	"country_code": 228
}, {
	"id": 222,
	"code": "TK",
	"name": "Tokelau",
	"country_code": 690
}, {
	"id": 223,
	"code": "TO",
	"name": "Tonga",
	"country_code": 676
}, {
	"id": 224,
	"code": "TT",
	"name": "Trinidad and Tobago",
	"country_code": 1868
}, {
	"id": 225,
	"code": "TN",
	"name": "Tunisia",
	"country_code": 216
}, {
	"id": 226,
	"code": "TR",
	"name": "Turkey",
	"country_code": 90
}, {
	"id": 227,
	"code": "TM",
	"name": "Turkmenistan",
	"country_code": 993
}, {
	"id": 228,
	"code": "TC",
	"name": "Turks and Caicos Islands",
	"country_code": 1649
}, {
	"id": 229,
	"code": "TV",
	"name": "Tuvalu",
	"country_code": 688
}, {
	"id": 230,
	"code": "UG",
	"name": "Uganda",
	"country_code": 256
}, {
	"id": 231,
	"code": "UA",
	"name": "Ukraine",
	"country_code": 380
}, {
	"id": 232,
	"code": "AE",
	"name": "United Arab Emirates",
	"country_code": 971
}, {
	"id": 233,
	"code": "GB",
	"name": "United Kingdom",
	"country_code": 44
}, {
	"id": 234,
	"code": "US",
	"name": "United States",
	"country_code": 1
}, {
	"id": 235,
	"code": "UM",
	"name": "United States Minor Outlying Islands",
	"country_code": null
}, {
	"id": 236,
	"code": "VI",
	"name": "United States Virgin Islands",
	"country_code": 1340
}, {
	"id": 237,
	"code": "UY",
	"name": "Uruguay",
	"country_code": 598
}, {
	"id": 238,
	"code": "UZ",
	"name": "Uzbekistan",
	"country_code": 998
}, {
	"id": 239,
	"code": "VU",
	"name": "Vanuatu",
	"country_code": 678
}, {
	"id": 240,
	"code": "VA",
	"name": "Vatican City",
	"country_code": 3906698
}, {
	"id": 241,
	"code": "VE",
	"name": "Venezuela",
	"country_code": 58
}, {
	"id": 242,
	"code": "VN",
	"name": "Vietnam",
	"country_code": 84
}, {
	"id": 243,
	"code": "WF",
	"name": "Wallis and Futuna",
	"country_code": 681
}, {
	"id": 244,
	"code": "EH",
	"name": "Western Sahara",
	"country_code": 212
}, {
	"id": 245,
	"code": "YE",
	"name": "Yemen",
	"country_code": 967
}, {
	"id": 246,
	"code": "ZM",
	"name": "Zambia",
	"country_code": 260
}, {
	"id": 247,
	"code": "ZW",
	"name": "Zimbabwe",
	"country_code": 263
}, {
	"id": 248,
	"code": "AX",
	"name": "Åland Islands",
	"country_code": 358
}]
